t1,t2,colony,num_cells1,num_cells2,method,tp,fp,tn,fn,acc,f1,timediff
155,157,5,29,29,gcn,29,0,812,0,1.0,1.0,10
87,88,6,85,91,gcn,85,0,7650,0,1.0,1.0,5
83,87,6,78,85,gcn,78,0,6552,0,1.0,1.0,20
70,71,5,9,9,gcn,9,0,72,0,1.0,1.0,5
43,44,6,17,17,gcn,17,0,272,0,1.0,1.0,5
67,69,6,43,47,gcn,42,1,1977,1,0.9990103908955963,0.9767441860465116,10
86,87,6,85,85,gcn,85,0,7140,0,1.0,1.0,5
90,93,5,11,11,gcn,11,0,110,0,1.0,1.0,15
87,89,5,10,11,gcn,10,0,100,0,1.0,1.0,10
23,27,6,9,10,gcn,9,0,81,0,1.0,1.0,20
43,46,6,17,18,gcn,17,0,289,0,1.0,1.0,15
67,70,6,43,47,gcn,41,2,1976,2,0.9980207817911925,0.9534883720930233,15
74,76,5,10,10,gcn,10,0,90,0,1.0,1.0,10
7,11,5,3,3,gcn,3,0,6,0,1.0,1.0,20
45,48,5,7,8,gcn,7,0,49,0,1.0,1.0,15
145,149,5,24,27,gcn,24,0,624,0,1.0,1.0,20
79,80,5,10,10,gcn,10,0,90,0,1.0,1.0,5
103,105,5,14,14,gcn,14,0,182,0,1.0,1.0,10
30,33,6,11,12,gcn,11,0,121,0,1.0,1.0,15
113,115,5,15,15,gcn,15,0,210,0,1.0,1.0,10
94,95,6,120,123,gcn,120,0,14640,0,1.0,1.0,5
163,166,5,33,35,gcn,32,1,1121,1,0.9982683982683983,0.9696969696969697,15
9,13,6,6,6,gcn,6,0,30,0,1.0,1.0,20
54,55,5,8,8,gcn,8,0,56,0,1.0,1.0,5
72,75,5,9,10,gcn,9,0,81,0,1.0,1.0,15
110,111,5,14,14,gcn,14,0,182,0,1.0,1.0,5
93,97,5,11,12,gcn,11,0,121,0,1.0,1.0,20
10,11,6,6,6,gcn,6,0,30,0,1.0,1.0,5
87,91,5,10,11,gcn,10,0,100,0,1.0,1.0,20
113,116,5,15,17,gcn,15,0,240,0,1.0,1.0,15
176,178,5,37,38,gcn,37,0,1369,0,1.0,1.0,10
138,142,5,23,24,gcn,23,0,529,0,1.0,1.0,20
19,20,6,7,7,gcn,7,0,42,0,1.0,1.0,5
171,175,5,36,37,gcn,36,0,1296,0,1.0,1.0,20
85,86,6,84,85,gcn,84,0,7056,0,1.0,1.0,5
41,43,6,17,17,gcn,17,0,272,0,1.0,1.0,10
3,6,6,3,4,gcn,3,0,9,0,1.0,1.0,15
21,22,5,3,3,gcn,3,0,6,0,1.0,1.0,5
51,55,5,8,8,gcn,8,0,56,0,1.0,1.0,20
78,81,6,67,72,gcn,67,0,4757,0,1.0,1.0,15
115,118,5,15,18,gcn,13,2,253,2,0.9851851851851852,0.8666666666666667,15
68,70,6,47,47,gcn,47,0,2162,0,1.0,1.0,10
77,78,6,64,67,gcn,64,0,4224,0,1.0,1.0,5
10,14,6,6,6,gcn,6,0,30,0,1.0,1.0,20
112,116,5,15,17,gcn,15,0,240,0,1.0,1.0,20
17,20,6,6,7,gcn,6,0,36,0,1.0,1.0,15
120,123,5,19,21,gcn,19,0,380,0,1.0,1.0,15
21,24,5,3,4,gcn,3,0,9,0,1.0,1.0,15
16,18,5,3,3,gcn,3,0,6,0,1.0,1.0,10
49,50,5,8,8,gcn,8,0,56,0,1.0,1.0,5
31,35,6,11,13,gcn,10,1,131,1,0.986013986013986,0.9090909090909091,20
66,68,5,9,9,gcn,9,0,72,0,1.0,1.0,10
35,38,6,13,14,gcn,13,0,169,0,1.0,1.0,15
120,121,5,19,21,gcn,19,0,380,0,1.0,1.0,5
0,2,6,3,3,gcn,3,0,6,0,1.0,1.0,10
78,79,6,67,68,gcn,67,0,4489,0,1.0,1.0,5
28,29,6,10,10,gcn,10,0,90,0,1.0,1.0,5
90,92,5,11,11,gcn,11,0,110,0,1.0,1.0,10
39,41,5,7,7,gcn,7,0,42,0,1.0,1.0,10
66,68,6,43,47,gcn,42,1,1977,1,0.9990103908955963,0.9767441860465116,10
1,2,5,2,2,gcn,2,0,2,0,1.0,1.0,5
95,99,6,123,144,gcn,119,4,17585,4,0.9995483288166215,0.967479674796748,20
8,9,5,3,3,gcn,3,0,6,0,1.0,1.0,5
31,35,5,5,6,gcn,5,0,25,0,1.0,1.0,20
147,150,5,26,27,gcn,26,0,676,0,1.0,1.0,15
31,34,6,11,12,gcn,11,0,121,0,1.0,1.0,15
64,68,5,9,9,gcn,9,0,72,0,1.0,1.0,20
95,99,5,12,12,gcn,12,0,132,0,1.0,1.0,20
94,97,6,120,131,gcn,116,4,15596,4,0.9994910941475827,0.9666666666666667,15
69,72,6,47,50,gcn,47,0,2303,0,1.0,1.0,15
38,41,6,14,17,gcn,14,0,224,0,1.0,1.0,15
83,87,5,10,10,gcn,10,0,90,0,1.0,1.0,20
138,141,5,23,24,gcn,23,0,529,0,1.0,1.0,15
96,98,6,127,137,gcn,127,0,17272,0,1.0,1.0,10
79,81,5,10,10,gcn,10,0,90,0,1.0,1.0,10
29,32,5,4,5,gcn,4,0,16,0,1.0,1.0,15
18,19,6,7,7,gcn,7,0,42,0,1.0,1.0,5
52,55,6,26,28,gcn,26,0,702,0,1.0,1.0,15
25,28,5,4,4,gcn,4,0,12,0,1.0,1.0,15
90,94,6,102,120,gcn,101,1,12137,1,0.9998366013071895,0.9901960784313726,20
44,45,6,17,17,gcn,17,0,272,0,1.0,1.0,5
114,118,5,15,18,gcn,14,1,254,1,0.9925925925925926,0.9333333333333333,20
19,22,6,7,8,gcn,7,0,49,0,1.0,1.0,15
37,40,5,6,7,gcn,6,0,36,0,1.0,1.0,15
84,88,6,81,91,gcn,81,0,7290,0,1.0,1.0,20
23,25,6,9,9,gcn,9,0,72,0,1.0,1.0,10
3,5,6,3,3,gcn,3,0,6,0,1.0,1.0,10
95,96,6,123,127,gcn,123,0,15498,0,1.0,1.0,5
45,48,6,17,20,gcn,16,1,322,1,0.9941176470588236,0.9411764705882353,15
73,75,6,52,57,gcn,52,0,2912,0,1.0,1.0,10
58,59,5,8,8,gcn,8,0,56,0,1.0,1.0,5
62,63,5,8,9,gcn,8,0,64,0,1.0,1.0,5
100,101,5,13,14,gcn,13,0,169,0,1.0,1.0,5
44,46,6,17,18,gcn,17,0,289,0,1.0,1.0,10
76,80,5,10,10,gcn,10,0,90,0,1.0,1.0,20
19,23,5,3,4,gcn,3,0,9,0,1.0,1.0,20
51,53,6,25,26,gcn,25,0,625,0,1.0,1.0,10
20,23,5,3,4,gcn,3,0,9,0,1.0,1.0,15
61,64,5,8,9,gcn,8,0,64,0,1.0,1.0,15
22,25,5,3,4,gcn,3,0,9,0,1.0,1.0,15
61,65,5,8,9,gcn,8,0,64,0,1.0,1.0,20
82,84,5,10,10,gcn,10,0,90,0,1.0,1.0,10
8,10,5,3,3,gcn,3,0,6,0,1.0,1.0,10
42,46,6,17,18,gcn,17,0,289,0,1.0,1.0,20
16,19,5,3,3,gcn,3,0,6,0,1.0,1.0,15
172,175,5,36,37,gcn,36,0,1296,0,1.0,1.0,15
50,54,5,8,8,gcn,8,0,56,0,1.0,1.0,20
168,170,5,35,36,gcn,35,0,1225,0,1.0,1.0,10
166,167,5,35,35,gcn,35,0,1190,0,1.0,1.0,5
146,148,5,24,26,gcn,24,0,600,0,1.0,1.0,10
26,28,5,4,4,gcn,4,0,12,0,1.0,1.0,10
1,2,6,3,3,gcn,3,0,6,0,1.0,1.0,5
36,37,5,6,6,gcn,6,0,30,0,1.0,1.0,5
61,65,6,35,42,gcn,35,0,1435,0,1.0,1.0,20
49,50,6,22,23,gcn,22,0,484,0,1.0,1.0,5
18,21,6,7,8,gcn,7,0,49,0,1.0,1.0,15
67,71,5,9,9,gcn,9,0,72,0,1.0,1.0,20
118,120,5,18,19,gcn,18,0,324,0,1.0,1.0,10
10,12,5,3,3,gcn,3,0,6,0,1.0,1.0,10
147,148,5,26,26,gcn,26,0,650,0,1.0,1.0,5
65,69,5,9,9,gcn,9,0,72,0,1.0,1.0,20
18,20,5,3,3,gcn,3,0,6,0,1.0,1.0,10
50,52,6,23,26,gcn,22,1,574,1,0.9966555183946488,0.9565217391304348,10
178,180,5,38,38,gcn,38,0,1406,0,1.0,1.0,10
18,19,5,3,3,gcn,3,0,6,0,1.0,1.0,5
155,158,5,29,30,gcn,28,1,840,1,0.9977011494252873,0.9655172413793104,15
50,53,5,8,8,gcn,8,0,56,0,1.0,1.0,15
0,2,5,2,2,gcn,2,0,2,0,1.0,1.0,10
103,104,5,14,14,gcn,14,0,182,0,1.0,1.0,5
124,127,5,21,22,gcn,21,0,441,0,1.0,1.0,15
83,85,5,10,10,gcn,10,0,90,0,1.0,1.0,10
98,101,5,12,14,gcn,12,0,156,0,1.0,1.0,15
67,71,6,43,49,gcn,40,3,2061,3,0.9971523493118177,0.9302325581395349,20
28,32,5,4,5,gcn,4,0,16,0,1.0,1.0,20
31,32,6,11,11,gcn,11,0,110,0,1.0,1.0,5
16,20,6,6,7,gcn,6,0,36,0,1.0,1.0,20
93,95,6,116,123,gcn,116,0,14152,0,1.0,1.0,10
108,109,5,14,14,gcn,14,0,182,0,1.0,1.0,5
66,69,6,43,47,gcn,41,2,1976,2,0.9980207817911925,0.9534883720930233,15
41,44,5,7,7,gcn,7,0,42,0,1.0,1.0,15
171,173,5,36,36,gcn,36,0,1260,0,1.0,1.0,10
170,174,5,36,36,gcn,36,0,1260,0,1.0,1.0,20
51,53,5,8,8,gcn,8,0,56,0,1.0,1.0,10
59,61,6,32,35,gcn,32,0,1088,0,1.0,1.0,10
159,162,5,31,33,gcn,31,0,992,0,1.0,1.0,15
154,157,5,28,29,gcn,28,0,784,0,1.0,1.0,15
2,3,5,2,3,gcn,2,0,4,0,1.0,1.0,5
5,8,6,3,5,gcn,3,0,12,0,1.0,1.0,15
121,122,5,21,21,gcn,21,0,420,0,1.0,1.0,5
97,98,6,131,137,gcn,131,0,17816,0,1.0,1.0,5
25,29,6,9,10,gcn,9,0,81,0,1.0,1.0,20
111,114,5,14,15,gcn,14,0,196,0,1.0,1.0,15
15,19,5,3,3,gcn,3,0,6,0,1.0,1.0,20
165,169,5,34,36,gcn,34,0,1190,0,1.0,1.0,20
123,126,5,21,21,gcn,21,0,420,0,1.0,1.0,15
96,98,5,12,12,gcn,12,0,132,0,1.0,1.0,10
137,138,5,23,23,gcn,23,0,506,0,1.0,1.0,5
58,61,6,30,35,gcn,30,0,1020,0,1.0,1.0,15
87,91,6,85,107,gcn,85,0,9010,0,1.0,1.0,20
76,80,6,60,70,gcn,58,2,4138,2,0.9990476190476191,0.9666666666666667,20
35,38,5,6,6,gcn,6,0,30,0,1.0,1.0,15
17,21,5,3,3,gcn,3,0,6,0,1.0,1.0,20
51,54,5,8,8,gcn,8,0,56,0,1.0,1.0,15
62,65,5,8,9,gcn,8,0,64,0,1.0,1.0,15
56,60,5,8,8,gcn,8,0,56,0,1.0,1.0,20
31,32,5,5,5,gcn,5,0,20,0,1.0,1.0,5
81,85,5,10,10,gcn,10,0,90,0,1.0,1.0,20
75,76,6,57,60,gcn,57,0,3363,0,1.0,1.0,5
170,172,5,36,36,gcn,36,0,1260,0,1.0,1.0,10
86,89,5,10,11,gcn,10,0,100,0,1.0,1.0,15
116,117,5,17,18,gcn,17,0,289,0,1.0,1.0,5
47,50,5,7,8,gcn,7,0,49,0,1.0,1.0,15
23,26,5,4,4,gcn,4,0,12,0,1.0,1.0,15
49,52,5,8,8,gcn,8,0,56,0,1.0,1.0,15
81,82,6,72,74,gcn,72,0,5256,0,1.0,1.0,5
142,145,5,24,24,gcn,24,0,552,0,1.0,1.0,15
62,65,6,36,42,gcn,36,0,1476,0,1.0,1.0,15
110,114,5,14,15,gcn,14,0,196,0,1.0,1.0,20
63,64,5,9,9,gcn,9,0,72,0,1.0,1.0,5
152,156,5,28,29,gcn,28,0,784,0,1.0,1.0,20
9,10,5,3,3,gcn,3,0,6,0,1.0,1.0,5
73,74,5,9,10,gcn,9,0,81,0,1.0,1.0,5
63,65,6,37,42,gcn,37,0,1517,0,1.0,1.0,10
12,13,6,6,6,gcn,6,0,30,0,1.0,1.0,5
36,40,5,6,7,gcn,6,0,36,0,1.0,1.0,20
155,156,5,29,29,gcn,29,0,812,0,1.0,1.0,5
14,16,5,3,3,gcn,3,0,6,0,1.0,1.0,10
121,125,5,21,21,gcn,21,0,420,0,1.0,1.0,20
87,90,5,10,11,gcn,10,0,100,0,1.0,1.0,15
171,174,5,36,36,gcn,36,0,1260,0,1.0,1.0,15
46,47,5,7,7,gcn,7,0,42,0,1.0,1.0,5
26,28,6,9,10,gcn,9,0,81,0,1.0,1.0,10
168,172,5,35,36,gcn,35,0,1225,0,1.0,1.0,20
90,92,6,102,112,gcn,102,0,11322,0,1.0,1.0,10
109,112,5,14,15,gcn,14,0,196,0,1.0,1.0,15
29,31,6,10,11,gcn,10,0,100,0,1.0,1.0,10
6,9,5,3,3,gcn,3,0,6,0,1.0,1.0,15
82,83,5,10,10,gcn,10,0,90,0,1.0,1.0,5
107,109,5,14,14,gcn,14,0,182,0,1.0,1.0,10
55,58,5,8,8,gcn,8,0,56,0,1.0,1.0,15
156,157,5,29,29,gcn,29,0,812,0,1.0,1.0,5
34,35,5,6,6,gcn,6,0,30,0,1.0,1.0,5
71,72,5,9,9,gcn,9,0,72,0,1.0,1.0,5
160,162,5,31,33,gcn,31,0,992,0,1.0,1.0,10
92,95,5,11,12,gcn,11,0,121,0,1.0,1.0,15
38,42,6,14,17,gcn,14,0,224,0,1.0,1.0,20
40,44,6,16,17,gcn,16,0,256,0,1.0,1.0,20
38,39,6,14,16,gcn,14,0,210,0,1.0,1.0,5
177,178,5,37,38,gcn,37,0,1369,0,1.0,1.0,5
48,51,5,8,8,gcn,8,0,56,0,1.0,1.0,15
41,45,6,17,17,gcn,17,0,272,0,1.0,1.0,20
86,88,5,10,11,gcn,10,0,100,0,1.0,1.0,10
164,166,5,34,35,gcn,34,0,1156,0,1.0,1.0,10
119,121,5,18,21,gcn,18,0,360,0,1.0,1.0,10
52,53,5,8,8,gcn,8,0,56,0,1.0,1.0,5
137,139,5,23,24,gcn,23,0,529,0,1.0,1.0,10
55,56,5,8,8,gcn,8,0,56,0,1.0,1.0,5
32,33,6,11,12,gcn,11,0,121,0,1.0,1.0,5
117,121,5,18,21,gcn,17,1,359,1,0.9947089947089947,0.9444444444444444,20
61,64,6,35,41,gcn,35,0,1400,0,1.0,1.0,15
22,26,6,8,9,gcn,8,0,64,0,1.0,1.0,20
40,41,5,7,7,gcn,7,0,42,0,1.0,1.0,5
115,117,5,15,18,gcn,14,1,254,1,0.9925925925925926,0.9333333333333333,10
49,51,5,8,8,gcn,8,0,56,0,1.0,1.0,10
144,148,5,24,26,gcn,24,0,600,0,1.0,1.0,20
5,6,6,3,4,gcn,3,0,9,0,1.0,1.0,5
124,125,5,21,21,gcn,21,0,420,0,1.0,1.0,5
100,102,5,13,14,gcn,13,0,169,0,1.0,1.0,10
63,67,6,37,43,gcn,37,0,1554,0,1.0,1.0,20
70,71,6,47,49,gcn,47,0,2256,0,1.0,1.0,5
77,81,6,64,72,gcn,61,3,4541,3,0.9986979166666666,0.953125,20
12,15,6,6,6,gcn,6,0,30,0,1.0,1.0,15
168,169,5,35,36,gcn,35,0,1225,0,1.0,1.0,5
167,168,5,35,35,gcn,35,0,1190,0,1.0,1.0,5
43,45,5,7,7,gcn,7,0,42,0,1.0,1.0,10
17,18,5,3,3,gcn,3,0,6,0,1.0,1.0,5
53,54,6,26,28,gcn,26,0,702,0,1.0,1.0,5
128,129,5,23,23,gcn,23,0,506,0,1.0,1.0,5
81,84,6,72,81,gcn,72,0,5760,0,1.0,1.0,15
48,50,6,20,23,gcn,20,0,440,0,1.0,1.0,10
54,56,5,8,8,gcn,8,0,56,0,1.0,1.0,10
58,59,6,30,32,gcn,30,0,930,0,1.0,1.0,5
24,28,6,9,10,gcn,9,0,81,0,1.0,1.0,20
166,169,5,35,36,gcn,35,0,1225,0,1.0,1.0,15
80,81,5,10,10,gcn,10,0,90,0,1.0,1.0,5
130,134,5,23,23,gcn,23,0,506,0,1.0,1.0,20
128,132,5,23,23,gcn,23,0,506,0,1.0,1.0,20
25,28,6,9,10,gcn,9,0,81,0,1.0,1.0,15
26,30,5,4,5,gcn,4,0,16,0,1.0,1.0,20
89,93,5,11,11,gcn,11,0,110,0,1.0,1.0,20
72,75,6,50,57,gcn,50,0,2800,0,1.0,1.0,15
67,69,5,9,9,gcn,9,0,72,0,1.0,1.0,10
72,76,6,50,60,gcn,50,0,2950,0,1.0,1.0,20
1,3,6,3,3,gcn,3,0,6,0,1.0,1.0,10
58,60,5,8,8,gcn,8,0,56,0,1.0,1.0,10
129,133,5,23,23,gcn,23,0,506,0,1.0,1.0,20
41,45,5,7,7,gcn,7,0,42,0,1.0,1.0,20
4,8,5,3,3,gcn,3,0,6,0,1.0,1.0,20
82,84,6,74,81,gcn,74,0,5920,0,1.0,1.0,10
135,136,5,23,23,gcn,23,0,506,0,1.0,1.0,5
56,58,6,29,30,gcn,29,0,841,0,1.0,1.0,10
92,96,5,11,12,gcn,11,0,121,0,1.0,1.0,20
172,173,5,36,36,gcn,36,0,1260,0,1.0,1.0,5
28,32,6,10,11,gcn,10,0,100,0,1.0,1.0,20
5,6,5,3,3,gcn,3,0,6,0,1.0,1.0,5
12,16,6,6,6,gcn,6,0,30,0,1.0,1.0,20
101,103,5,14,14,gcn,14,0,182,0,1.0,1.0,10
70,74,5,9,10,gcn,9,0,81,0,1.0,1.0,20
3,5,5,3,3,gcn,3,0,6,0,1.0,1.0,10
127,129,5,22,23,gcn,22,0,484,0,1.0,1.0,10
165,167,5,34,35,gcn,34,0,1156,0,1.0,1.0,10
28,30,5,4,5,gcn,4,0,16,0,1.0,1.0,10
52,56,5,8,8,gcn,8,0,56,0,1.0,1.0,20
100,104,5,13,14,gcn,13,0,169,0,1.0,1.0,20
57,58,5,8,8,gcn,8,0,56,0,1.0,1.0,5
104,108,5,14,14,gcn,14,0,182,0,1.0,1.0,20
83,86,5,10,10,gcn,10,0,90,0,1.0,1.0,15
94,98,5,12,12,gcn,12,0,132,0,1.0,1.0,20
1,4,5,2,3,gcn,2,0,4,0,1.0,1.0,15
70,72,6,47,50,gcn,47,0,2303,0,1.0,1.0,10
150,154,5,27,28,gcn,27,0,729,0,1.0,1.0,20
3,4,5,3,3,gcn,3,0,6,0,1.0,1.0,5
11,13,5,3,3,gcn,3,0,6,0,1.0,1.0,10
27,30,5,4,5,gcn,4,0,16,0,1.0,1.0,15
157,159,5,29,31,gcn,29,0,870,0,1.0,1.0,10
10,13,5,3,3,gcn,3,0,6,0,1.0,1.0,15
136,137,5,23,23,gcn,23,0,506,0,1.0,1.0,5
53,54,5,8,8,gcn,8,0,56,0,1.0,1.0,5
70,73,6,47,52,gcn,47,0,2397,0,1.0,1.0,15
125,129,5,21,23,gcn,21,0,462,0,1.0,1.0,20
59,63,6,32,37,gcn,32,0,1152,0,1.0,1.0,20
18,22,6,7,8,gcn,7,0,49,0,1.0,1.0,20
91,92,6,107,112,gcn,107,0,11877,0,1.0,1.0,5
95,98,5,12,12,gcn,12,0,132,0,1.0,1.0,15
34,36,6,12,14,gcn,12,0,156,0,1.0,1.0,10
56,60,6,29,33,gcn,29,0,928,0,1.0,1.0,20
31,34,5,5,6,gcn,5,0,25,0,1.0,1.0,15
80,83,6,70,78,gcn,70,0,5390,0,1.0,1.0,15
5,7,6,3,4,gcn,3,0,9,0,1.0,1.0,10
154,156,5,28,29,gcn,28,0,784,0,1.0,1.0,10
101,105,5,14,14,gcn,14,0,182,0,1.0,1.0,20
43,47,5,7,7,gcn,7,0,42,0,1.0,1.0,20
124,126,5,21,21,gcn,21,0,420,0,1.0,1.0,10
42,44,6,17,17,gcn,17,0,272,0,1.0,1.0,10
75,76,5,10,10,gcn,10,0,90,0,1.0,1.0,5
65,68,6,42,47,gcn,40,2,1930,2,0.9979736575481256,0.9523809523809523,15
122,126,5,21,21,gcn,21,0,420,0,1.0,1.0,20
106,108,5,14,14,gcn,14,0,182,0,1.0,1.0,10
37,41,6,14,17,gcn,14,0,224,0,1.0,1.0,20
105,106,5,14,14,gcn,14,0,182,0,1.0,1.0,5
48,50,5,8,8,gcn,8,0,56,0,1.0,1.0,10
16,17,6,6,6,gcn,6,0,30,0,1.0,1.0,5
143,147,5,24,26,gcn,24,0,600,0,1.0,1.0,20
132,133,5,23,23,gcn,23,0,506,0,1.0,1.0,5
85,88,6,84,91,gcn,84,0,7560,0,1.0,1.0,15
40,43,6,16,17,gcn,16,0,256,0,1.0,1.0,15
80,83,5,10,10,gcn,10,0,90,0,1.0,1.0,15
152,155,5,28,29,gcn,28,0,784,0,1.0,1.0,15
33,35,6,12,13,gcn,12,0,144,0,1.0,1.0,10
157,158,5,29,30,gcn,29,0,841,0,1.0,1.0,5
30,34,6,11,12,gcn,10,1,120,1,0.9848484848484849,0.9090909090909091,20
84,88,5,10,11,gcn,10,0,100,0,1.0,1.0,20
139,143,5,24,24,gcn,24,0,552,0,1.0,1.0,20
102,103,5,14,14,gcn,14,0,182,0,1.0,1.0,5
43,44,5,7,7,gcn,7,0,42,0,1.0,1.0,5
104,106,5,14,14,gcn,14,0,182,0,1.0,1.0,10
48,51,6,20,25,gcn,20,0,480,0,1.0,1.0,15
52,54,6,26,28,gcn,26,0,702,0,1.0,1.0,10
57,60,6,30,33,gcn,30,0,960,0,1.0,1.0,15
42,44,5,7,7,gcn,7,0,42,0,1.0,1.0,10
173,177,5,36,37,gcn,34,2,1294,2,0.996996996996997,0.9444444444444444,20
6,7,6,4,4,gcn,4,0,12,0,1.0,1.0,5
8,11,6,5,6,gcn,5,0,25,0,1.0,1.0,15
108,111,5,14,14,gcn,14,0,182,0,1.0,1.0,15
16,19,6,6,7,gcn,6,0,36,0,1.0,1.0,15
2,5,6,3,3,gcn,3,0,6,0,1.0,1.0,15
3,7,6,3,4,gcn,3,0,9,0,1.0,1.0,20
65,66,6,42,43,gcn,42,0,1764,0,1.0,1.0,5
55,58,6,28,30,gcn,28,0,812,0,1.0,1.0,15
80,84,5,10,10,gcn,10,0,90,0,1.0,1.0,20
28,30,6,10,11,gcn,10,0,100,0,1.0,1.0,10
135,138,5,23,23,gcn,23,0,506,0,1.0,1.0,15
23,24,6,9,9,gcn,9,0,72,0,1.0,1.0,5
90,91,5,11,11,gcn,11,0,110,0,1.0,1.0,5
8,12,5,3,3,gcn,3,0,6,0,1.0,1.0,20
85,87,6,84,85,gcn,84,0,7056,0,1.0,1.0,10
114,115,5,15,15,gcn,15,0,210,0,1.0,1.0,5
33,37,5,5,6,gcn,5,0,25,0,1.0,1.0,20
71,73,6,49,52,gcn,49,0,2499,0,1.0,1.0,10
52,54,5,8,8,gcn,8,0,56,0,1.0,1.0,10
20,21,5,3,3,gcn,3,0,6,0,1.0,1.0,5
142,144,5,24,24,gcn,24,0,552,0,1.0,1.0,10
30,31,5,5,5,gcn,5,0,20,0,1.0,1.0,5
59,60,5,8,8,gcn,8,0,56,0,1.0,1.0,5
44,46,5,7,7,gcn,7,0,42,0,1.0,1.0,10
178,179,5,38,38,gcn,38,0,1406,0,1.0,1.0,5
157,160,5,29,31,gcn,28,1,869,1,0.9977753058954394,0.9655172413793104,15
77,78,5,10,10,gcn,10,0,90,0,1.0,1.0,5
66,70,6,43,47,gcn,40,3,1975,3,0.9970311726867888,0.9302325581395349,20
91,92,5,11,11,gcn,11,0,110,0,1.0,1.0,5
130,133,5,23,23,gcn,23,0,506,0,1.0,1.0,15
105,109,5,14,14,gcn,14,0,182,0,1.0,1.0,20
20,23,6,7,9,gcn,7,0,56,0,1.0,1.0,15
83,85,6,78,84,gcn,78,0,6474,0,1.0,1.0,10
26,29,5,4,4,gcn,4,0,12,0,1.0,1.0,15
35,39,5,6,7,gcn,6,0,36,0,1.0,1.0,20
88,92,6,91,112,gcn,89,2,10099,2,0.999607535321821,0.978021978021978,20
144,147,5,24,26,gcn,24,0,600,0,1.0,1.0,15
30,33,5,5,5,gcn,5,0,20,0,1.0,1.0,15
174,177,5,36,37,gcn,34,2,1294,2,0.996996996996997,0.9444444444444444,15
57,59,6,30,32,gcn,30,0,930,0,1.0,1.0,10
162,164,5,33,34,gcn,33,0,1089,0,1.0,1.0,10
52,53,6,26,26,gcn,26,0,650,0,1.0,1.0,5
68,69,5,9,9,gcn,9,0,72,0,1.0,1.0,5
134,136,5,23,23,gcn,23,0,506,0,1.0,1.0,10
28,29,5,4,4,gcn,4,0,12,0,1.0,1.0,5
164,167,5,34,35,gcn,34,0,1156,0,1.0,1.0,15
83,84,6,78,81,gcn,78,0,6240,0,1.0,1.0,5
32,36,5,5,6,gcn,5,0,25,0,1.0,1.0,20
73,74,6,52,54,gcn,52,0,2756,0,1.0,1.0,5
95,96,5,12,12,gcn,12,0,132,0,1.0,1.0,5
84,86,5,10,10,gcn,10,0,90,0,1.0,1.0,10
107,108,5,14,14,gcn,14,0,182,0,1.0,1.0,5
14,18,5,3,3,gcn,3,0,6,0,1.0,1.0,20
72,74,6,50,54,gcn,50,0,2650,0,1.0,1.0,10
15,17,5,3,3,gcn,3,0,6,0,1.0,1.0,10
163,165,5,33,34,gcn,33,0,1089,0,1.0,1.0,10
2,6,5,2,3,gcn,2,0,4,0,1.0,1.0,20
53,57,5,8,8,gcn,8,0,56,0,1.0,1.0,20
33,36,6,12,14,gcn,11,1,155,1,0.9880952380952381,0.9166666666666666,15
62,66,5,8,9,gcn,8,0,64,0,1.0,1.0,20
94,97,5,12,12,gcn,12,0,132,0,1.0,1.0,15
49,53,5,8,8,gcn,8,0,56,0,1.0,1.0,20
148,152,5,26,28,gcn,26,0,702,0,1.0,1.0,20
73,77,5,9,10,gcn,9,0,81,0,1.0,1.0,20
148,151,5,26,28,gcn,26,0,702,0,1.0,1.0,15
62,63,6,36,37,gcn,36,0,1296,0,1.0,1.0,5
13,15,5,3,3,gcn,3,0,6,0,1.0,1.0,10
177,180,5,37,38,gcn,37,0,1369,0,1.0,1.0,15
89,92,5,11,11,gcn,11,0,110,0,1.0,1.0,15
34,37,6,12,14,gcn,11,1,155,1,0.9880952380952381,0.9166666666666666,15
11,15,6,6,6,gcn,6,0,30,0,1.0,1.0,20
109,111,5,14,14,gcn,14,0,182,0,1.0,1.0,10
72,73,6,50,52,gcn,50,0,2550,0,1.0,1.0,5
4,7,6,3,4,gcn,3,0,9,0,1.0,1.0,15
15,19,6,6,7,gcn,6,0,36,0,1.0,1.0,20
132,134,5,23,23,gcn,23,0,506,0,1.0,1.0,10
123,127,5,21,22,gcn,21,0,441,0,1.0,1.0,20
61,63,5,8,9,gcn,8,0,64,0,1.0,1.0,10
41,43,5,7,7,gcn,7,0,42,0,1.0,1.0,10
129,130,5,23,23,gcn,23,0,506,0,1.0,1.0,5
69,71,5,9,9,gcn,9,0,72,0,1.0,1.0,10
100,103,5,13,14,gcn,13,0,169,0,1.0,1.0,15
56,57,5,8,8,gcn,8,0,56,0,1.0,1.0,5
20,22,5,3,3,gcn,3,0,6,0,1.0,1.0,10
50,53,6,23,26,gcn,22,1,574,1,0.9966555183946488,0.9565217391304348,15
60,64,6,33,41,gcn,33,0,1320,0,1.0,1.0,20
13,16,5,3,3,gcn,3,0,6,0,1.0,1.0,15
2,6,6,3,4,gcn,3,0,9,0,1.0,1.0,20
148,149,5,26,27,gcn,26,0,676,0,1.0,1.0,5
85,89,5,10,11,gcn,10,0,100,0,1.0,1.0,20
85,89,6,84,96,gcn,84,0,7980,0,1.0,1.0,20
116,119,5,17,18,gcn,17,0,289,0,1.0,1.0,15
129,132,5,23,23,gcn,23,0,506,0,1.0,1.0,15
48,49,5,8,8,gcn,8,0,56,0,1.0,1.0,5
37,40,6,14,16,gcn,14,0,210,0,1.0,1.0,15
128,130,5,23,23,gcn,23,0,506,0,1.0,1.0,10
158,160,5,30,31,gcn,30,0,900,0,1.0,1.0,10
93,97,6,116,131,gcn,109,7,15073,7,0.999078704922348,0.9396551724137931,20
84,85,5,10,10,gcn,10,0,90,0,1.0,1.0,5
80,81,6,70,72,gcn,70,0,4970,0,1.0,1.0,5
54,58,6,28,30,gcn,28,0,812,0,1.0,1.0,20
38,41,5,6,7,gcn,6,0,36,0,1.0,1.0,15
20,22,6,7,8,gcn,7,0,49,0,1.0,1.0,10
15,16,5,3,3,gcn,3,0,6,0,1.0,1.0,5
54,57,5,8,8,gcn,8,0,56,0,1.0,1.0,15
89,91,6,96,107,gcn,96,0,10176,0,1.0,1.0,10
41,44,6,17,17,gcn,17,0,272,0,1.0,1.0,15
78,80,6,67,70,gcn,67,0,4623,0,1.0,1.0,10
6,8,6,4,5,gcn,4,0,16,0,1.0,1.0,10
44,47,6,17,19,gcn,17,0,306,0,1.0,1.0,15
71,75,6,49,57,gcn,49,0,2744,0,1.0,1.0,20
176,179,5,37,38,gcn,37,0,1369,0,1.0,1.0,15
74,78,5,10,10,gcn,10,0,90,0,1.0,1.0,20
116,118,5,17,18,gcn,17,0,289,0,1.0,1.0,10
11,14,5,3,3,gcn,3,0,6,0,1.0,1.0,15
0,3,6,3,3,gcn,3,0,6,0,1.0,1.0,15
161,165,5,31,34,gcn,30,1,1022,1,0.9981024667931688,0.967741935483871,20
63,67,5,9,9,gcn,9,0,72,0,1.0,1.0,20
7,11,6,4,6,gcn,4,0,20,0,1.0,1.0,20
36,40,6,14,16,gcn,14,0,210,0,1.0,1.0,20
79,80,6,68,70,gcn,68,0,4692,0,1.0,1.0,5
97,100,5,12,13,gcn,12,0,144,0,1.0,1.0,15
158,161,5,30,31,gcn,30,0,900,0,1.0,1.0,15
10,11,5,3,3,gcn,3,0,6,0,1.0,1.0,5
80,82,6,70,74,gcn,70,0,5110,0,1.0,1.0,10
102,104,5,14,14,gcn,14,0,182,0,1.0,1.0,10
159,163,5,31,33,gcn,31,0,992,0,1.0,1.0,20
14,16,6,6,6,gcn,6,0,30,0,1.0,1.0,10
60,62,5,8,8,gcn,8,0,56,0,1.0,1.0,10
45,49,6,17,22,gcn,16,1,356,1,0.9946524064171123,0.9411764705882353,20
34,36,5,6,6,gcn,6,0,30,0,1.0,1.0,10
84,87,6,81,85,gcn,81,0,6804,0,1.0,1.0,15
79,83,6,68,78,gcn,65,3,5233,3,0.998868778280543,0.9558823529411765,20
31,33,5,5,5,gcn,5,0,20,0,1.0,1.0,10
74,75,6,54,57,gcn,54,0,3024,0,1.0,1.0,5
26,29,6,9,10,gcn,9,0,81,0,1.0,1.0,15
39,40,6,16,16,gcn,16,0,240,0,1.0,1.0,5
55,59,6,28,32,gcn,28,0,868,0,1.0,1.0,20
69,70,5,9,9,gcn,9,0,72,0,1.0,1.0,5
82,86,5,10,10,gcn,10,0,90,0,1.0,1.0,20
68,72,5,9,9,gcn,9,0,72,0,1.0,1.0,20
94,98,6,120,137,gcn,113,7,16313,7,0.9991484184914842,0.9416666666666667,20
91,94,5,11,12,gcn,11,0,121,0,1.0,1.0,15
157,161,5,29,31,gcn,28,1,869,1,0.9977753058954394,0.9655172413793104,20
153,156,5,28,29,gcn,28,0,784,0,1.0,1.0,15
32,35,6,11,13,gcn,11,0,132,0,1.0,1.0,15
73,77,6,52,64,gcn,52,0,3276,0,1.0,1.0,20
52,56,6,26,29,gcn,26,0,728,0,1.0,1.0,20
141,142,5,24,24,gcn,24,0,552,0,1.0,1.0,5
41,42,5,7,7,gcn,7,0,42,0,1.0,1.0,5
34,38,5,6,6,gcn,6,0,30,0,1.0,1.0,20
63,65,5,9,9,gcn,9,0,72,0,1.0,1.0,10
128,131,5,23,23,gcn,23,0,506,0,1.0,1.0,15
36,39,6,14,16,gcn,14,0,210,0,1.0,1.0,15
57,61,6,30,35,gcn,30,0,1020,0,1.0,1.0,20
24,27,5,4,4,gcn,4,0,12,0,1.0,1.0,15
0,1,5,2,2,gcn,2,0,2,0,1.0,1.0,5
14,18,6,6,7,gcn,6,0,36,0,1.0,1.0,20
78,81,5,10,10,gcn,10,0,90,0,1.0,1.0,15
67,70,5,9,9,gcn,9,0,72,0,1.0,1.0,15
94,96,5,12,12,gcn,12,0,132,0,1.0,1.0,10
132,136,5,23,23,gcn,23,0,506,0,1.0,1.0,20
139,140,5,24,24,gcn,24,0,552,0,1.0,1.0,5
95,98,6,123,137,gcn,122,1,16727,1,0.99988131268174,0.991869918699187,15
97,98,5,12,12,gcn,12,0,132,0,1.0,1.0,5
51,52,5,8,8,gcn,8,0,56,0,1.0,1.0,5
70,72,5,9,9,gcn,9,0,72,0,1.0,1.0,10
5,9,5,3,3,gcn,3,0,6,0,1.0,1.0,20
64,67,6,41,43,gcn,41,0,1722,0,1.0,1.0,15
83,84,5,10,10,gcn,10,0,90,0,1.0,1.0,5
0,3,5,2,3,gcn,2,0,4,0,1.0,1.0,15
49,51,6,22,25,gcn,21,1,527,1,0.9963636363636363,0.9545454545454546,10
167,171,5,35,36,gcn,35,0,1225,0,1.0,1.0,20
117,120,5,18,19,gcn,18,0,324,0,1.0,1.0,15
78,79,5,10,10,gcn,10,0,90,0,1.0,1.0,5
151,152,5,28,28,gcn,28,0,756,0,1.0,1.0,5
76,78,5,10,10,gcn,10,0,90,0,1.0,1.0,10
169,173,5,36,36,gcn,36,0,1260,0,1.0,1.0,20
63,66,6,37,43,gcn,37,0,1554,0,1.0,1.0,15
69,72,5,9,9,gcn,9,0,72,0,1.0,1.0,15
43,46,5,7,7,gcn,7,0,42,0,1.0,1.0,15
163,164,5,33,34,gcn,33,0,1089,0,1.0,1.0,5
112,115,5,15,15,gcn,15,0,210,0,1.0,1.0,15
99,100,5,12,13,gcn,12,0,144,0,1.0,1.0,5
159,161,5,31,31,gcn,31,0,930,0,1.0,1.0,10
126,130,5,21,23,gcn,21,0,462,0,1.0,1.0,20
22,24,6,8,9,gcn,8,0,64,0,1.0,1.0,10
106,110,5,14,14,gcn,14,0,182,0,1.0,1.0,20
77,80,5,10,10,gcn,10,0,90,0,1.0,1.0,15
4,5,6,3,3,gcn,3,0,6,0,1.0,1.0,5
104,107,5,14,14,gcn,14,0,182,0,1.0,1.0,15
57,59,5,8,8,gcn,8,0,56,0,1.0,1.0,10
47,49,5,7,8,gcn,7,0,49,0,1.0,1.0,10
118,121,5,18,21,gcn,17,1,359,1,0.9947089947089947,0.9444444444444444,15
6,9,6,4,6,gcn,4,0,20,0,1.0,1.0,15
23,26,6,9,9,gcn,9,0,72,0,1.0,1.0,15
103,106,5,14,14,gcn,14,0,182,0,1.0,1.0,15
170,171,5,36,36,gcn,36,0,1260,0,1.0,1.0,5
119,120,5,18,19,gcn,18,0,324,0,1.0,1.0,5
95,97,6,123,131,gcn,123,0,15990,0,1.0,1.0,10
45,47,6,17,19,gcn,17,0,306,0,1.0,1.0,10
65,69,6,42,47,gcn,41,1,1931,1,0.9989868287740629,0.9761904761904762,20
106,107,5,14,14,gcn,14,0,182,0,1.0,1.0,5
168,171,5,35,36,gcn,35,0,1225,0,1.0,1.0,15
50,51,5,8,8,gcn,8,0,56,0,1.0,1.0,5
156,158,5,29,30,gcn,28,1,840,1,0.9977011494252873,0.9655172413793104,10
8,9,6,5,6,gcn,5,0,25,0,1.0,1.0,5
28,31,5,4,5,gcn,4,0,16,0,1.0,1.0,15
114,117,5,15,18,gcn,14,1,254,1,0.9925925925925926,0.9333333333333333,15
79,82,5,10,10,gcn,10,0,90,0,1.0,1.0,15
149,151,5,27,28,gcn,27,0,729,0,1.0,1.0,10
175,177,5,37,37,gcn,37,0,1332,0,1.0,1.0,10
24,26,6,9,9,gcn,9,0,72,0,1.0,1.0,10
166,170,5,35,36,gcn,35,0,1225,0,1.0,1.0,20
88,90,6,91,102,gcn,91,0,9191,0,1.0,1.0,10
87,90,6,85,102,gcn,85,0,8585,0,1.0,1.0,15
143,145,5,24,24,gcn,24,0,552,0,1.0,1.0,10
27,30,6,10,11,gcn,10,0,100,0,1.0,1.0,15
24,26,5,4,4,gcn,4,0,12,0,1.0,1.0,10
74,77,6,54,64,gcn,54,0,3402,0,1.0,1.0,15
174,175,5,36,37,gcn,36,0,1296,0,1.0,1.0,5
171,172,5,36,36,gcn,36,0,1260,0,1.0,1.0,5
175,179,5,37,38,gcn,37,0,1369,0,1.0,1.0,20
167,169,5,35,36,gcn,35,0,1225,0,1.0,1.0,10
89,91,5,11,11,gcn,11,0,110,0,1.0,1.0,10
131,134,5,23,23,gcn,23,0,506,0,1.0,1.0,15
36,37,6,14,14,gcn,14,0,182,0,1.0,1.0,5
167,170,5,35,36,gcn,35,0,1225,0,1.0,1.0,15
76,77,5,10,10,gcn,10,0,90,0,1.0,1.0,5
46,50,6,18,23,gcn,17,1,395,1,0.9951690821256038,0.9444444444444444,20
22,25,6,8,9,gcn,8,0,64,0,1.0,1.0,15
54,55,6,28,28,gcn,28,0,756,0,1.0,1.0,5
132,135,5,23,23,gcn,23,0,506,0,1.0,1.0,15
158,162,5,30,33,gcn,29,1,959,1,0.997979797979798,0.9666666666666667,20
133,134,5,23,23,gcn,23,0,506,0,1.0,1.0,5
85,87,5,10,10,gcn,10,0,90,0,1.0,1.0,10
32,36,6,11,14,gcn,10,1,142,1,0.987012987012987,0.9090909090909091,20
24,25,5,4,4,gcn,4,0,12,0,1.0,1.0,5
10,14,5,3,3,gcn,3,0,6,0,1.0,1.0,20
40,41,6,16,17,gcn,16,0,256,0,1.0,1.0,5
41,42,6,17,17,gcn,17,0,272,0,1.0,1.0,5
6,10,6,4,6,gcn,4,0,20,0,1.0,1.0,20
8,11,5,3,3,gcn,3,0,6,0,1.0,1.0,15
13,17,6,6,6,gcn,6,0,30,0,1.0,1.0,20
130,132,5,23,23,gcn,23,0,506,0,1.0,1.0,10
57,58,6,30,30,gcn,30,0,870,0,1.0,1.0,5
136,138,5,23,23,gcn,23,0,506,0,1.0,1.0,10
1,3,5,2,3,gcn,2,0,4,0,1.0,1.0,10
56,58,5,8,8,gcn,8,0,56,0,1.0,1.0,10
92,95,6,112,123,gcn,112,0,13664,0,1.0,1.0,15
1,4,6,3,3,gcn,3,0,6,0,1.0,1.0,15
153,155,5,28,29,gcn,28,0,784,0,1.0,1.0,10
56,57,6,29,30,gcn,29,0,841,0,1.0,1.0,5
19,23,6,7,9,gcn,7,0,56,0,1.0,1.0,20
122,125,5,21,21,gcn,21,0,420,0,1.0,1.0,15
30,34,5,5,6,gcn,5,0,25,0,1.0,1.0,20
4,6,5,3,3,gcn,3,0,6,0,1.0,1.0,10
46,49,6,18,22,gcn,17,1,377,1,0.9949494949494949,0.9444444444444444,15
38,40,5,6,7,gcn,6,0,36,0,1.0,1.0,10
49,52,6,22,26,gcn,21,1,549,1,0.9965034965034965,0.9545454545454546,15
13,14,6,6,6,gcn,6,0,30,0,1.0,1.0,5
42,45,6,17,17,gcn,17,0,272,0,1.0,1.0,15
92,94,6,112,120,gcn,112,0,13328,0,1.0,1.0,10
35,36,5,6,6,gcn,6,0,30,0,1.0,1.0,5
8,10,6,5,6,gcn,5,0,25,0,1.0,1.0,10
66,70,5,9,9,gcn,9,0,72,0,1.0,1.0,20
149,150,5,27,27,gcn,27,0,702,0,1.0,1.0,5
17,19,6,6,7,gcn,6,0,36,0,1.0,1.0,10
59,62,6,32,36,gcn,32,0,1120,0,1.0,1.0,15
66,67,5,9,9,gcn,9,0,72,0,1.0,1.0,5
84,85,6,81,84,gcn,81,0,6723,0,1.0,1.0,5
7,9,6,4,6,gcn,4,0,20,0,1.0,1.0,10
39,40,5,7,7,gcn,7,0,42,0,1.0,1.0,5
65,68,5,9,9,gcn,9,0,72,0,1.0,1.0,15
86,88,6,85,91,gcn,85,0,7650,0,1.0,1.0,10
139,142,5,24,24,gcn,24,0,552,0,1.0,1.0,15
123,124,5,21,21,gcn,21,0,420,0,1.0,1.0,5
67,68,5,9,9,gcn,9,0,72,0,1.0,1.0,5
82,85,6,74,84,gcn,74,0,6142,0,1.0,1.0,15
54,56,6,28,29,gcn,28,0,784,0,1.0,1.0,10
15,17,6,6,6,gcn,6,0,30,0,1.0,1.0,10
42,43,6,17,17,gcn,17,0,272,0,1.0,1.0,5
175,176,5,37,37,gcn,37,0,1332,0,1.0,1.0,5
103,107,5,14,14,gcn,14,0,182,0,1.0,1.0,20
4,7,5,3,3,gcn,3,0,6,0,1.0,1.0,15
25,27,5,4,4,gcn,4,0,12,0,1.0,1.0,10
76,77,6,60,64,gcn,60,0,3780,0,1.0,1.0,5
25,29,5,4,4,gcn,4,0,12,0,1.0,1.0,20
11,13,6,6,6,gcn,6,0,30,0,1.0,1.0,10
21,22,6,8,8,gcn,8,0,56,0,1.0,1.0,5
59,63,5,8,9,gcn,8,0,64,0,1.0,1.0,20
163,167,5,33,35,gcn,32,1,1121,1,0.9982683982683983,0.9696969696969697,20
5,9,6,3,6,gcn,3,0,15,0,1.0,1.0,20
141,143,5,24,24,gcn,24,0,552,0,1.0,1.0,10
147,149,5,26,27,gcn,26,0,676,0,1.0,1.0,10
69,71,6,47,49,gcn,47,0,2256,0,1.0,1.0,10
90,91,6,102,107,gcn,102,0,10812,0,1.0,1.0,5
147,151,5,26,28,gcn,26,0,702,0,1.0,1.0,20
81,84,5,10,10,gcn,10,0,90,0,1.0,1.0,15
39,43,6,16,17,gcn,16,0,256,0,1.0,1.0,20
7,8,6,4,5,gcn,4,0,16,0,1.0,1.0,5
55,59,5,8,8,gcn,8,0,56,0,1.0,1.0,20
65,67,6,42,43,gcn,42,0,1764,0,1.0,1.0,10
102,106,5,14,14,gcn,14,0,182,0,1.0,1.0,20
156,159,5,29,31,gcn,28,1,869,1,0.9977753058954394,0.9655172413793104,15
111,113,5,14,15,gcn,14,0,196,0,1.0,1.0,10
138,139,5,23,24,gcn,23,0,529,0,1.0,1.0,5
139,141,5,24,24,gcn,24,0,552,0,1.0,1.0,10
29,33,5,4,5,gcn,4,0,16,0,1.0,1.0,20
26,27,5,4,4,gcn,4,0,12,0,1.0,1.0,5
96,97,5,12,12,gcn,12,0,132,0,1.0,1.0,5
135,139,5,23,24,gcn,23,0,529,0,1.0,1.0,20
26,27,6,9,10,gcn,9,0,81,0,1.0,1.0,5
45,49,5,7,8,gcn,7,0,49,0,1.0,1.0,20
79,81,6,68,72,gcn,68,0,4828,0,1.0,1.0,10
42,46,5,7,7,gcn,7,0,42,0,1.0,1.0,20
118,119,5,18,18,gcn,18,0,306,0,1.0,1.0,5
154,155,5,28,29,gcn,28,0,784,0,1.0,1.0,5
29,33,6,10,12,gcn,10,0,110,0,1.0,1.0,20
75,78,5,10,10,gcn,10,0,90,0,1.0,1.0,15
27,29,5,4,4,gcn,4,0,12,0,1.0,1.0,10
146,147,5,24,26,gcn,24,0,600,0,1.0,1.0,5
71,74,6,49,54,gcn,49,0,2597,0,1.0,1.0,15
177,179,5,37,38,gcn,37,0,1369,0,1.0,1.0,10
21,23,6,8,9,gcn,8,0,64,0,1.0,1.0,10
9,11,5,3,3,gcn,3,0,6,0,1.0,1.0,10
59,62,5,8,8,gcn,8,0,56,0,1.0,1.0,15
87,88,5,10,11,gcn,10,0,100,0,1.0,1.0,5
107,111,5,14,14,gcn,14,0,182,0,1.0,1.0,20
120,124,5,19,21,gcn,19,0,380,0,1.0,1.0,20
61,63,6,35,37,gcn,35,0,1260,0,1.0,1.0,10
34,35,6,12,13,gcn,12,0,144,0,1.0,1.0,5
36,39,5,6,7,gcn,6,0,36,0,1.0,1.0,15
72,76,5,9,10,gcn,9,0,81,0,1.0,1.0,20
93,96,5,11,12,gcn,11,0,121,0,1.0,1.0,15
84,86,6,81,85,gcn,81,0,6804,0,1.0,1.0,10
12,13,5,3,3,gcn,3,0,6,0,1.0,1.0,5
22,26,5,3,4,gcn,3,0,9,0,1.0,1.0,20
145,147,5,24,26,gcn,24,0,600,0,1.0,1.0,10
88,91,5,11,11,gcn,11,0,110,0,1.0,1.0,15
113,114,5,15,15,gcn,15,0,210,0,1.0,1.0,5
78,80,5,10,10,gcn,10,0,90,0,1.0,1.0,10
89,90,5,11,11,gcn,11,0,110,0,1.0,1.0,5
93,94,6,116,120,gcn,116,0,13804,0,1.0,1.0,5
126,128,5,21,23,gcn,21,0,462,0,1.0,1.0,10
105,107,5,14,14,gcn,14,0,182,0,1.0,1.0,10
47,48,5,7,8,gcn,7,0,49,0,1.0,1.0,5
20,24,5,3,4,gcn,2,1,8,1,0.8333333333333334,0.6666666666666666,20
68,71,6,47,49,gcn,47,0,2256,0,1.0,1.0,15
64,66,6,41,43,gcn,41,0,1722,0,1.0,1.0,10
23,24,5,4,4,gcn,4,0,12,0,1.0,1.0,5
86,90,5,10,11,gcn,10,0,100,0,1.0,1.0,20
53,56,5,8,8,gcn,8,0,56,0,1.0,1.0,15
0,1,6,3,3,gcn,3,0,6,0,1.0,1.0,5
81,83,6,72,78,gcn,72,0,5544,0,1.0,1.0,10
9,13,5,3,3,gcn,3,0,6,0,1.0,1.0,20
39,41,6,16,17,gcn,16,0,256,0,1.0,1.0,10
137,140,5,23,24,gcn,23,0,529,0,1.0,1.0,15
123,125,5,21,21,gcn,21,0,420,0,1.0,1.0,10
80,82,5,10,10,gcn,10,0,90,0,1.0,1.0,10
3,7,5,3,3,gcn,3,0,6,0,1.0,1.0,20
38,40,6,14,16,gcn,14,0,210,0,1.0,1.0,10
133,135,5,23,23,gcn,23,0,506,0,1.0,1.0,10
86,90,6,85,102,gcn,85,0,8585,0,1.0,1.0,20
75,79,6,57,68,gcn,57,0,3819,0,1.0,1.0,20
112,114,5,15,15,gcn,15,0,210,0,1.0,1.0,10
35,39,6,13,16,gcn,13,0,195,0,1.0,1.0,20
30,32,5,5,5,gcn,5,0,20,0,1.0,1.0,10
140,142,5,24,24,gcn,24,0,552,0,1.0,1.0,10
71,72,6,49,50,gcn,49,0,2401,0,1.0,1.0,5
4,8,6,3,5,gcn,3,0,12,0,1.0,1.0,20
20,24,6,7,9,gcn,7,0,56,0,1.0,1.0,20
94,95,5,12,12,gcn,12,0,132,0,1.0,1.0,5
29,32,6,10,11,gcn,10,0,100,0,1.0,1.0,15
69,70,6,47,47,gcn,47,0,2162,0,1.0,1.0,5
110,112,5,14,15,gcn,14,0,196,0,1.0,1.0,10
11,15,5,3,3,gcn,3,0,6,0,1.0,1.0,20
16,17,5,3,3,gcn,3,0,6,0,1.0,1.0,5
88,92,5,11,11,gcn,11,0,110,0,1.0,1.0,20
45,47,5,7,7,gcn,7,0,42,0,1.0,1.0,10
94,96,6,120,127,gcn,117,3,15117,3,0.9996062992125985,0.975,10
32,33,5,5,5,gcn,5,0,20,0,1.0,1.0,5
125,128,5,21,23,gcn,21,0,462,0,1.0,1.0,15
50,54,6,23,28,gcn,21,2,619,2,0.9937888198757764,0.9130434782608695,20
7,9,5,3,3,gcn,3,0,6,0,1.0,1.0,10
28,31,6,10,11,gcn,10,0,100,0,1.0,1.0,15
58,62,5,8,8,gcn,8,0,56,0,1.0,1.0,20
97,99,5,12,12,gcn,12,0,132,0,1.0,1.0,10
136,139,5,23,24,gcn,23,0,529,0,1.0,1.0,15
91,94,6,107,120,gcn,107,0,12733,0,1.0,1.0,15
73,75,5,9,10,gcn,9,0,81,0,1.0,1.0,10
37,38,5,6,6,gcn,6,0,30,0,1.0,1.0,5
96,100,5,12,13,gcn,12,0,144,0,1.0,1.0,20
158,159,5,30,31,gcn,30,0,900,0,1.0,1.0,5
22,24,5,3,4,gcn,3,0,9,0,1.0,1.0,10
2,3,6,3,3,gcn,3,0,6,0,1.0,1.0,5
17,21,6,6,8,gcn,6,0,42,0,1.0,1.0,20
131,133,5,23,23,gcn,23,0,506,0,1.0,1.0,10
156,160,5,29,31,gcn,27,2,868,2,0.9955506117908788,0.9310344827586207,20
126,129,5,21,23,gcn,21,0,462,0,1.0,1.0,15
74,78,6,54,67,gcn,54,0,3564,0,1.0,1.0,20
44,47,5,7,7,gcn,7,0,42,0,1.0,1.0,15
91,95,5,11,12,gcn,11,0,121,0,1.0,1.0,20
140,143,5,24,24,gcn,24,0,552,0,1.0,1.0,15
88,89,6,91,96,gcn,91,0,8645,0,1.0,1.0,5
161,163,5,31,33,gcn,31,0,992,0,1.0,1.0,10
101,102,5,14,14,gcn,14,0,182,0,1.0,1.0,5
20,21,6,7,8,gcn,7,0,49,0,1.0,1.0,5
88,90,5,11,11,gcn,11,0,110,0,1.0,1.0,10
53,56,6,26,29,gcn,26,0,728,0,1.0,1.0,15
81,83,5,10,10,gcn,10,0,90,0,1.0,1.0,10
46,50,5,7,8,gcn,7,0,49,0,1.0,1.0,20
71,74,5,9,10,gcn,9,0,81,0,1.0,1.0,15
86,87,5,10,10,gcn,10,0,90,0,1.0,1.0,5
72,73,5,9,9,gcn,9,0,72,0,1.0,1.0,5
55,56,6,28,29,gcn,28,0,784,0,1.0,1.0,5
59,60,6,32,33,gcn,32,0,1024,0,1.0,1.0,5
172,176,5,36,37,gcn,36,0,1296,0,1.0,1.0,20
90,93,6,102,116,gcn,101,1,11729,1,0.9998309668695065,0.9901960784313726,15
60,64,5,8,9,gcn,8,0,64,0,1.0,1.0,20
68,70,5,9,9,gcn,9,0,72,0,1.0,1.0,10
42,45,5,7,7,gcn,7,0,42,0,1.0,1.0,15
121,123,5,21,21,gcn,21,0,420,0,1.0,1.0,10
155,159,5,29,31,gcn,28,1,869,1,0.9977753058954394,0.9655172413793104,20
78,82,6,67,74,gcn,65,2,4889,2,0.9991932230738201,0.9701492537313433,20
14,17,6,6,6,gcn,6,0,30,0,1.0,1.0,15
176,180,5,37,38,gcn,37,0,1369,0,1.0,1.0,20
112,113,5,15,15,gcn,15,0,210,0,1.0,1.0,5
65,66,5,9,9,gcn,9,0,72,0,1.0,1.0,5
6,8,5,3,3,gcn,3,0,6,0,1.0,1.0,10
96,99,5,12,12,gcn,12,0,132,0,1.0,1.0,15
131,132,5,23,23,gcn,23,0,506,0,1.0,1.0,5
18,20,6,7,7,gcn,7,0,42,0,1.0,1.0,10
9,12,5,3,3,gcn,3,0,6,0,1.0,1.0,15
150,152,5,27,28,gcn,27,0,729,0,1.0,1.0,10
25,26,5,4,4,gcn,4,0,12,0,1.0,1.0,5
21,24,6,8,9,gcn,8,0,64,0,1.0,1.0,15
134,135,5,23,23,gcn,23,0,506,0,1.0,1.0,5
170,173,5,36,36,gcn,36,0,1260,0,1.0,1.0,15
144,146,5,24,24,gcn,24,0,552,0,1.0,1.0,10
92,93,5,11,11,gcn,11,0,110,0,1.0,1.0,5
66,69,5,9,9,gcn,9,0,72,0,1.0,1.0,15
162,163,5,33,33,gcn,33,0,1056,0,1.0,1.0,5
138,140,5,23,24,gcn,23,0,529,0,1.0,1.0,10
108,110,5,14,14,gcn,14,0,182,0,1.0,1.0,10
3,6,5,3,3,gcn,3,0,6,0,1.0,1.0,15
134,138,5,23,23,gcn,23,0,506,0,1.0,1.0,20
154,158,5,28,30,gcn,27,1,811,1,0.9976190476190476,0.9642857142857143,20
53,55,5,8,8,gcn,8,0,56,0,1.0,1.0,10
102,105,5,14,14,gcn,14,0,182,0,1.0,1.0,15
160,163,5,31,33,gcn,31,0,992,0,1.0,1.0,15
111,115,5,14,15,gcn,14,0,196,0,1.0,1.0,20
23,27,5,4,4,gcn,4,0,12,0,1.0,1.0,20
54,57,6,28,30,gcn,28,0,812,0,1.0,1.0,15
38,39,5,6,7,gcn,6,0,36,0,1.0,1.0,5
176,177,5,37,37,gcn,37,0,1332,0,1.0,1.0,5
105,108,5,14,14,gcn,14,0,182,0,1.0,1.0,15
82,85,5,10,10,gcn,10,0,90,0,1.0,1.0,15
58,61,5,8,8,gcn,8,0,56,0,1.0,1.0,15
14,17,5,3,3,gcn,3,0,6,0,1.0,1.0,15
165,166,5,34,35,gcn,34,0,1156,0,1.0,1.0,5
50,52,5,8,8,gcn,8,0,56,0,1.0,1.0,10
174,176,5,36,37,gcn,36,0,1296,0,1.0,1.0,10
152,154,5,28,28,gcn,28,0,756,0,1.0,1.0,10
134,137,5,23,23,gcn,23,0,506,0,1.0,1.0,15
67,68,6,43,47,gcn,43,0,1978,0,1.0,1.0,5
36,38,6,14,14,gcn,14,0,182,0,1.0,1.0,10
119,123,5,18,21,gcn,17,1,359,1,0.9947089947089947,0.9444444444444444,20
65,67,5,9,9,gcn,9,0,72,0,1.0,1.0,10
87,89,6,85,96,gcn,85,0,8075,0,1.0,1.0,10
64,65,6,41,42,gcn,41,0,1681,0,1.0,1.0,5
70,73,5,9,9,gcn,9,0,72,0,1.0,1.0,15
49,53,6,22,26,gcn,20,2,548,2,0.993006993006993,0.9090909090909091,20
164,165,5,34,34,gcn,34,0,1122,0,1.0,1.0,5
3,4,6,3,3,gcn,3,0,6,0,1.0,1.0,5
30,31,6,11,11,gcn,11,0,110,0,1.0,1.0,5
82,83,6,74,78,gcn,74,0,5698,0,1.0,1.0,5
164,168,5,34,35,gcn,34,0,1156,0,1.0,1.0,20
60,61,6,33,35,gcn,33,0,1122,0,1.0,1.0,5
88,89,5,11,11,gcn,11,0,110,0,1.0,1.0,5
76,78,6,60,67,gcn,60,0,3960,0,1.0,1.0,10
39,43,5,7,7,gcn,7,0,42,0,1.0,1.0,20
80,84,6,70,81,gcn,70,0,5600,0,1.0,1.0,20
109,110,5,14,14,gcn,14,0,182,0,1.0,1.0,5
31,33,6,11,12,gcn,11,0,121,0,1.0,1.0,10
110,113,5,14,15,gcn,14,0,196,0,1.0,1.0,15
150,151,5,27,28,gcn,27,0,729,0,1.0,1.0,5
145,146,5,24,24,gcn,24,0,552,0,1.0,1.0,5
47,51,6,19,25,gcn,18,1,455,1,0.9957894736842106,0.9473684210526315,20
133,136,5,23,23,gcn,23,0,506,0,1.0,1.0,15
130,131,5,23,23,gcn,23,0,506,0,1.0,1.0,5
37,41,5,6,7,gcn,6,0,36,0,1.0,1.0,20
145,148,5,24,26,gcn,24,0,600,0,1.0,1.0,15
17,18,6,6,7,gcn,6,0,36,0,1.0,1.0,5
150,153,5,27,28,gcn,27,0,729,0,1.0,1.0,15
162,165,5,33,34,gcn,33,0,1089,0,1.0,1.0,15
62,64,5,8,9,gcn,8,0,64,0,1.0,1.0,10
92,93,6,112,116,gcn,112,0,12880,0,1.0,1.0,5
35,37,6,13,14,gcn,13,0,169,0,1.0,1.0,10
73,76,5,9,10,gcn,9,0,81,0,1.0,1.0,15
14,15,5,3,3,gcn,3,0,6,0,1.0,1.0,5
111,112,5,14,15,gcn,14,0,196,0,1.0,1.0,5
30,32,6,11,11,gcn,11,0,110,0,1.0,1.0,10
76,79,6,60,68,gcn,60,0,4020,0,1.0,1.0,15
48,49,6,20,22,gcn,20,0,420,0,1.0,1.0,5
125,126,5,21,21,gcn,21,0,420,0,1.0,1.0,5
13,16,6,6,6,gcn,6,0,30,0,1.0,1.0,15
29,31,5,4,5,gcn,4,0,16,0,1.0,1.0,10
22,23,5,3,4,gcn,3,0,9,0,1.0,1.0,5
5,7,5,3,3,gcn,3,0,6,0,1.0,1.0,10
68,72,6,47,50,gcn,47,0,2303,0,1.0,1.0,20
44,45,5,7,7,gcn,7,0,42,0,1.0,1.0,5
91,93,5,11,11,gcn,11,0,110,0,1.0,1.0,10
79,83,5,10,10,gcn,10,0,90,0,1.0,1.0,20
47,51,5,7,8,gcn,7,0,49,0,1.0,1.0,20
27,29,6,10,10,gcn,10,0,90,0,1.0,1.0,10
46,47,6,18,19,gcn,18,0,324,0,1.0,1.0,5
2,5,5,2,3,gcn,2,0,4,0,1.0,1.0,15
131,135,5,23,23,gcn,23,0,506,0,1.0,1.0,20
173,174,5,36,36,gcn,36,0,1260,0,1.0,1.0,5
166,168,5,35,35,gcn,35,0,1190,0,1.0,1.0,10
58,62,6,30,36,gcn,30,0,1050,0,1.0,1.0,20
46,48,5,7,8,gcn,7,0,49,0,1.0,1.0,10
68,69,6,47,47,gcn,47,0,2162,0,1.0,1.0,5
61,62,6,35,36,gcn,35,0,1225,0,1.0,1.0,5
15,18,6,6,7,gcn,6,0,36,0,1.0,1.0,15
4,6,6,3,4,gcn,3,0,9,0,1.0,1.0,10
96,97,6,127,131,gcn,127,0,16510,0,1.0,1.0,5
6,7,5,3,3,gcn,3,0,6,0,1.0,1.0,5
2,4,5,2,3,gcn,2,0,4,0,1.0,1.0,10
18,22,5,3,3,gcn,3,0,6,0,1.0,1.0,20
62,66,6,36,43,gcn,36,0,1512,0,1.0,1.0,20
13,17,5,3,3,gcn,3,0,6,0,1.0,1.0,20
60,63,6,33,37,gcn,33,0,1188,0,1.0,1.0,15
151,155,5,28,29,gcn,28,0,784,0,1.0,1.0,20
93,94,5,11,12,gcn,11,0,121,0,1.0,1.0,5
74,77,5,10,10,gcn,10,0,90,0,1.0,1.0,15
0,4,5,2,3,gcn,2,0,4,0,1.0,1.0,20
115,116,5,15,17,gcn,15,0,240,0,1.0,1.0,5
55,57,5,8,8,gcn,8,0,56,0,1.0,1.0,10
75,78,6,57,67,gcn,57,0,3762,0,1.0,1.0,15
115,119,5,15,18,gcn,13,2,253,2,0.9851851851851852,0.8666666666666667,20
50,51,6,23,25,gcn,22,1,551,1,0.9965217391304347,0.9565217391304348,5
159,160,5,31,31,gcn,31,0,930,0,1.0,1.0,5
136,140,5,23,24,gcn,23,0,529,0,1.0,1.0,20
117,118,5,18,18,gcn,18,0,306,0,1.0,1.0,5
89,93,6,96,116,gcn,95,1,11039,1,0.9998204022988506,0.9895833333333334,20
60,61,5,8,8,gcn,8,0,56,0,1.0,1.0,5
149,152,5,27,28,gcn,27,0,729,0,1.0,1.0,15
12,15,5,3,3,gcn,3,0,6,0,1.0,1.0,15
172,174,5,36,36,gcn,36,0,1260,0,1.0,1.0,10
83,86,6,78,85,gcn,78,0,6552,0,1.0,1.0,15
91,93,6,107,116,gcn,107,0,12305,0,1.0,1.0,10
107,110,5,14,14,gcn,14,0,182,0,1.0,1.0,15
82,86,6,74,85,gcn,72,2,6214,2,0.9993640699523052,0.972972972972973,20
141,145,5,24,24,gcn,24,0,552,0,1.0,1.0,20
9,11,6,6,6,gcn,6,0,30,0,1.0,1.0,10
27,28,6,10,10,gcn,10,0,90,0,1.0,1.0,5
47,50,6,19,23,gcn,19,0,418,0,1.0,1.0,15
77,80,6,64,70,gcn,64,0,4416,0,1.0,1.0,15
140,141,5,24,24,gcn,24,0,552,0,1.0,1.0,5
5,8,5,3,3,gcn,3,0,6,0,1.0,1.0,15
143,144,5,24,24,gcn,24,0,552,0,1.0,1.0,5
153,154,5,28,28,gcn,28,0,756,0,1.0,1.0,5
21,23,5,3,4,gcn,3,0,9,0,1.0,1.0,10
69,73,6,47,52,gcn,47,0,2397,0,1.0,1.0,20
109,113,5,14,15,gcn,14,0,196,0,1.0,1.0,20
47,49,6,19,22,gcn,19,0,399,0,1.0,1.0,10
7,10,5,3,3,gcn,3,0,6,0,1.0,1.0,15
114,116,5,15,17,gcn,14,1,239,1,0.9921568627450981,0.9333333333333333,10
19,21,6,7,8,gcn,7,0,49,0,1.0,1.0,10
18,21,5,3,3,gcn,3,0,6,0,1.0,1.0,15
175,178,5,37,38,gcn,37,0,1369,0,1.0,1.0,15
12,14,6,6,6,gcn,6,0,30,0,1.0,1.0,10
33,37,6,12,14,gcn,11,1,155,1,0.9880952380952381,0.9166666666666666,20
17,20,5,3,3,gcn,3,0,6,0,1.0,1.0,15
9,10,6,6,6,gcn,6,0,30,0,1.0,1.0,5
151,153,5,28,28,gcn,28,0,756,0,1.0,1.0,10
126,127,5,21,22,gcn,21,0,441,0,1.0,1.0,5
98,100,5,12,13,gcn,12,0,144,0,1.0,1.0,10
64,66,5,9,9,gcn,9,0,72,0,1.0,1.0,10
14,15,6,6,6,gcn,6,0,30,0,1.0,1.0,5
135,137,5,23,23,gcn,23,0,506,0,1.0,1.0,10
85,88,5,10,11,gcn,10,0,100,0,1.0,1.0,15
40,44,5,7,7,gcn,7,0,42,0,1.0,1.0,20
169,171,5,36,36,gcn,36,0,1260,0,1.0,1.0,10
48,52,6,20,26,gcn,19,1,499,1,0.9961538461538462,0.95,20
142,146,5,24,24,gcn,24,0,552,0,1.0,1.0,20
99,101,5,12,14,gcn,12,0,156,0,1.0,1.0,10
2,4,6,3,3,gcn,3,0,6,0,1.0,1.0,10
10,13,6,6,6,gcn,6,0,30,0,1.0,1.0,15
21,25,6,8,9,gcn,8,0,64,0,1.0,1.0,20
127,128,5,22,23,gcn,22,0,484,0,1.0,1.0,5
23,25,5,4,4,gcn,4,0,12,0,1.0,1.0,10
179,180,5,38,38,gcn,38,0,1406,0,1.0,1.0,5
16,18,6,6,7,gcn,6,0,36,0,1.0,1.0,10
46,49,5,7,8,gcn,7,0,49,0,1.0,1.0,15
91,95,6,107,123,gcn,107,0,13054,0,1.0,1.0,20
97,101,5,12,14,gcn,12,0,156,0,1.0,1.0,20
93,96,6,116,127,gcn,113,3,14613,3,0.9995927233233777,0.9741379310344828,15
78,82,5,10,10,gcn,10,0,90,0,1.0,1.0,20
62,64,6,36,41,gcn,36,0,1440,0,1.0,1.0,10
93,95,5,11,12,gcn,11,0,121,0,1.0,1.0,10
66,67,6,43,43,gcn,43,0,1806,0,1.0,1.0,5
12,16,5,3,3,gcn,3,0,6,0,1.0,1.0,20
21,25,5,3,4,gcn,3,0,9,0,1.0,1.0,20
133,137,5,23,23,gcn,23,0,506,0,1.0,1.0,20
44,48,6,17,20,gcn,16,1,322,1,0.9941176470588236,0.9411764705882353,20
161,162,5,31,33,gcn,31,0,992,0,1.0,1.0,5
68,71,5,9,9,gcn,9,0,72,0,1.0,1.0,15
144,145,5,24,24,gcn,24,0,552,0,1.0,1.0,5
35,37,5,6,6,gcn,6,0,30,0,1.0,1.0,10
22,23,6,8,9,gcn,8,0,64,0,1.0,1.0,5
70,74,6,47,54,gcn,47,0,2491,0,1.0,1.0,20
73,76,6,52,60,gcn,52,0,3068,0,1.0,1.0,15
143,146,5,24,24,gcn,24,0,552,0,1.0,1.0,15
124,128,5,21,23,gcn,21,0,462,0,1.0,1.0,20
98,102,5,12,14,gcn,12,0,156,0,1.0,1.0,20
32,35,5,5,6,gcn,5,0,25,0,1.0,1.0,15
71,73,5,9,9,gcn,9,0,72,0,1.0,1.0,10
72,74,5,9,10,gcn,9,0,81,0,1.0,1.0,10
99,102,5,12,14,gcn,12,0,156,0,1.0,1.0,15
56,59,5,8,8,gcn,8,0,56,0,1.0,1.0,15
37,39,6,14,16,gcn,14,0,210,0,1.0,1.0,10
92,96,6,112,127,gcn,112,0,14112,0,1.0,1.0,20
47,48,6,19,20,gcn,19,0,361,0,1.0,1.0,5
173,175,5,36,37,gcn,36,0,1296,0,1.0,1.0,10
8,12,6,5,6,gcn,5,0,25,0,1.0,1.0,20
119,122,5,18,21,gcn,18,0,360,0,1.0,1.0,15
17,19,5,3,3,gcn,3,0,6,0,1.0,1.0,10
151,154,5,28,28,gcn,28,0,756,0,1.0,1.0,15
98,99,5,12,12,gcn,12,0,132,0,1.0,1.0,5
127,131,5,22,23,gcn,22,0,484,0,1.0,1.0,20
44,48,5,7,8,gcn,7,0,49,0,1.0,1.0,20
121,124,5,21,21,gcn,21,0,420,0,1.0,1.0,15
13,15,6,6,6,gcn,6,0,30,0,1.0,1.0,10
108,112,5,14,15,gcn,14,0,196,0,1.0,1.0,20
59,61,5,8,8,gcn,8,0,56,0,1.0,1.0,10
58,60,6,30,33,gcn,30,0,960,0,1.0,1.0,10
122,124,5,21,21,gcn,21,0,420,0,1.0,1.0,10
77,79,6,64,68,gcn,64,0,4288,0,1.0,1.0,10
43,45,6,17,17,gcn,17,0,272,0,1.0,1.0,10
24,25,6,9,9,gcn,9,0,72,0,1.0,1.0,5
162,166,5,33,35,gcn,32,1,1121,1,0.9982683982683983,0.9696969696969697,20
29,30,5,4,5,gcn,4,0,16,0,1.0,1.0,5
116,120,5,17,19,gcn,17,0,306,0,1.0,1.0,20
45,46,6,17,18,gcn,17,0,289,0,1.0,1.0,5
1,5,5,2,3,gcn,2,0,4,0,1.0,1.0,20
25,27,6,9,10,gcn,9,0,81,0,1.0,1.0,10
74,75,5,10,10,gcn,10,0,90,0,1.0,1.0,5
39,42,6,16,17,gcn,16,0,256,0,1.0,1.0,15
152,153,5,28,28,gcn,28,0,756,0,1.0,1.0,5
165,168,5,34,35,gcn,34,0,1156,0,1.0,1.0,15
56,59,6,29,32,gcn,29,0,899,0,1.0,1.0,15
24,28,5,4,4,gcn,4,0,12,0,1.0,1.0,20
45,46,5,7,7,gcn,7,0,42,0,1.0,1.0,5
39,42,5,7,7,gcn,7,0,42,0,1.0,1.0,15
0,4,6,3,3,gcn,3,0,6,0,1.0,1.0,20
7,10,6,4,6,gcn,4,0,20,0,1.0,1.0,15
77,81,5,10,10,gcn,10,0,90,0,1.0,1.0,20
37,38,6,14,14,gcn,14,0,182,0,1.0,1.0,5
54,58,5,8,8,gcn,8,0,56,0,1.0,1.0,20
122,123,5,21,21,gcn,21,0,420,0,1.0,1.0,5
51,55,6,25,28,gcn,25,0,675,0,1.0,1.0,20
19,22,5,3,3,gcn,3,0,6,0,1.0,1.0,15
79,82,6,68,74,gcn,68,0,4964,0,1.0,1.0,15
90,94,5,11,12,gcn,11,0,121,0,1.0,1.0,20
117,119,5,18,18,gcn,18,0,306,0,1.0,1.0,10
129,131,5,23,23,gcn,23,0,506,0,1.0,1.0,10
74,76,6,54,60,gcn,54,0,3186,0,1.0,1.0,10
57,61,5,8,8,gcn,8,0,56,0,1.0,1.0,20
84,87,5,10,10,gcn,10,0,90,0,1.0,1.0,15
7,8,5,3,3,gcn,3,0,6,0,1.0,1.0,5
160,164,5,31,34,gcn,31,0,1023,0,1.0,1.0,20
76,79,5,10,10,gcn,10,0,90,0,1.0,1.0,15
61,62,5,8,8,gcn,8,0,56,0,1.0,1.0,5
11,12,5,3,3,gcn,3,0,6,0,1.0,1.0,5
69,73,5,9,9,gcn,9,0,72,0,1.0,1.0,20
33,36,5,5,6,gcn,5,0,25,0,1.0,1.0,15
40,43,5,7,7,gcn,7,0,42,0,1.0,1.0,15
140,144,5,24,24,gcn,24,0,552,0,1.0,1.0,20
15,18,5,3,3,gcn,3,0,6,0,1.0,1.0,15
174,178,5,36,38,gcn,35,1,1331,1,0.9985380116959064,0.9722222222222222,20
53,57,6,26,30,gcn,26,0,754,0,1.0,1.0,20
34,37,5,6,6,gcn,6,0,30,0,1.0,1.0,15
55,57,6,28,30,gcn,28,0,812,0,1.0,1.0,10
19,21,5,3,3,gcn,3,0,6,0,1.0,1.0,10
52,55,5,8,8,gcn,8,0,56,0,1.0,1.0,15
92,94,5,11,12,gcn,11,0,121,0,1.0,1.0,10
120,122,5,19,21,gcn,19,0,380,0,1.0,1.0,10
10,12,6,6,6,gcn,6,0,30,0,1.0,1.0,10
75,77,5,10,10,gcn,10,0,90,0,1.0,1.0,10
75,77,6,57,64,gcn,57,0,3591,0,1.0,1.0,10
9,12,6,6,6,gcn,6,0,30,0,1.0,1.0,15
86,89,6,85,96,gcn,85,0,8075,0,1.0,1.0,15
34,38,6,12,14,gcn,11,1,155,1,0.9880952380952381,0.9166666666666666,20
81,85,6,72,84,gcn,71,1,5975,1,0.9996693121693122,0.9861111111111112,20
141,144,5,24,24,gcn,24,0,552,0,1.0,1.0,15
12,14,5,3,3,gcn,3,0,6,0,1.0,1.0,10
173,176,5,36,37,gcn,36,0,1296,0,1.0,1.0,15
113,117,5,15,18,gcn,14,1,254,1,0.9925925925925926,0.9333333333333333,20
60,63,5,8,9,gcn,8,0,64,0,1.0,1.0,15
51,54,6,25,28,gcn,25,0,675,0,1.0,1.0,15
42,43,5,7,7,gcn,7,0,42,0,1.0,1.0,5
57,60,5,8,8,gcn,8,0,56,0,1.0,1.0,15
85,86,5,10,10,gcn,10,0,90,0,1.0,1.0,5
19,20,5,3,3,gcn,3,0,6,0,1.0,1.0,5
169,172,5,36,36,gcn,36,0,1260,0,1.0,1.0,15
36,38,5,6,6,gcn,6,0,30,0,1.0,1.0,10
1,5,6,3,3,gcn,3,0,6,0,1.0,1.0,20
33,34,5,5,6,gcn,5,0,25,0,1.0,1.0,5
27,31,5,4,5,gcn,4,0,16,0,1.0,1.0,20
148,150,5,26,27,gcn,26,0,676,0,1.0,1.0,10
88,91,6,91,107,gcn,91,0,9646,0,1.0,1.0,15
64,67,5,9,9,gcn,9,0,72,0,1.0,1.0,15
71,75,5,9,10,gcn,9,0,81,0,1.0,1.0,20
63,64,6,37,41,gcn,37,0,1480,0,1.0,1.0,5
43,47,6,17,19,gcn,17,0,306,0,1.0,1.0,20
63,66,5,9,9,gcn,9,0,72,0,1.0,1.0,15
11,12,6,6,6,gcn,6,0,30,0,1.0,1.0,5
125,127,5,21,22,gcn,21,0,441,0,1.0,1.0,10
35,36,6,13,14,gcn,13,0,169,0,1.0,1.0,5
29,30,6,10,11,gcn,10,0,100,0,1.0,1.0,5
60,62,6,33,36,gcn,33,0,1155,0,1.0,1.0,10
48,52,5,8,8,gcn,8,0,56,0,1.0,1.0,20
95,97,5,12,12,gcn,12,0,132,0,1.0,1.0,10
37,39,5,6,7,gcn,6,0,36,0,1.0,1.0,10
161,164,5,31,34,gcn,31,0,1023,0,1.0,1.0,15
26,30,6,9,11,gcn,9,0,90,0,1.0,1.0,20
4,5,5,3,3,gcn,3,0,6,0,1.0,1.0,5
146,150,5,24,27,gcn,24,0,624,0,1.0,1.0,20
81,82,5,10,10,gcn,10,0,90,0,1.0,1.0,5
40,42,6,16,17,gcn,16,0,256,0,1.0,1.0,10
24,27,6,9,10,gcn,9,0,81,0,1.0,1.0,15
75,79,5,10,10,gcn,10,0,90,0,1.0,1.0,20
64,65,5,9,9,gcn,9,0,72,0,1.0,1.0,5
160,161,5,31,31,gcn,31,0,930,0,1.0,1.0,5
169,170,5,36,36,gcn,36,0,1260,0,1.0,1.0,5
32,34,6,11,12,gcn,11,0,121,0,1.0,1.0,10
25,26,6,9,9,gcn,9,0,72,0,1.0,1.0,5
153,157,5,28,29,gcn,28,0,784,0,1.0,1.0,20
137,141,5,23,24,gcn,23,0,529,0,1.0,1.0,20
142,143,5,24,24,gcn,24,0,552,0,1.0,1.0,5
77,79,5,10,10,gcn,10,0,90,0,1.0,1.0,10
99,103,5,12,14,gcn,12,0,156,0,1.0,1.0,20
33,35,5,5,6,gcn,5,0,25,0,1.0,1.0,10
127,130,5,22,23,gcn,22,0,484,0,1.0,1.0,15
32,34,5,5,6,gcn,5,0,25,0,1.0,1.0,10
27,28,5,4,4,gcn,4,0,12,0,1.0,1.0,5
13,14,5,3,3,gcn,3,0,6,0,1.0,1.0,5
101,104,5,14,14,gcn,14,0,182,0,1.0,1.0,15
53,55,6,26,28,gcn,26,0,702,0,1.0,1.0,10
64,68,6,41,47,gcn,39,2,1884,2,0.9979242345614946,0.9512195121951219,20
33,34,6,12,12,gcn,12,0,132,0,1.0,1.0,5
16,20,5,3,3,gcn,3,0,6,0,1.0,1.0,20
11,14,6,6,6,gcn,6,0,30,0,1.0,1.0,15
106,109,5,14,14,gcn,14,0,182,0,1.0,1.0,15
40,42,5,7,7,gcn,7,0,42,0,1.0,1.0,10
51,52,6,25,26,gcn,25,0,625,0,1.0,1.0,5
27,31,6,10,11,gcn,10,0,100,0,1.0,1.0,20
118,122,5,18,21,gcn,17,1,359,1,0.9947089947089947,0.9444444444444444,20
146,149,5,24,27,gcn,24,0,624,0,1.0,1.0,15
104,105,5,14,14,gcn,14,0,182,0,1.0,1.0,5
89,90,6,96,102,gcn,96,0,9696,0,1.0,1.0,5
38,42,5,6,7,gcn,6,0,36,0,1.0,1.0,20
6,10,5,3,3,gcn,3,0,6,0,1.0,1.0,20
15,16,6,6,6,gcn,6,0,30,0,1.0,1.0,5
149,153,5,27,28,gcn,27,0,729,0,1.0,1.0,20
89,92,6,96,112,gcn,96,0,10656,0,1.0,1.0,15
46,48,6,18,20,gcn,18,0,342,0,1.0,1.0,10
